matcher,index,points,range,zone,radius,found,repeat,timesum,timeavg
HsqlHtmidMatcherImpl,HTMID,4198401,128.0,0.5,0.5,48,100,712,7.127
HsqlHtmidMatcherImpl,HTMID,4198401,128.0,0.5,0.25,12,100,187,1.877
HsqlHtmidMatcherImpl,HTMID,4198401,128.0,0.5,0.125,3,100,74,0.748
HsqlHtmidMatcherImpl,HTMID,4198401,128.0,0.5,0.0625,1,100,38,0.384
HsqlHtmidMatcherImpl,HTMID,4198401,128.0,0.5,0.03125,1,100,26,0.266
HsqlHtmidMatcherImpl,HTMID,4198401,128.0,0.5,0.015625,1,100,18,0.187
HsqlHtmidMatcherImpl,HTMID,4198401,128.0,0.5,0.0078125,1,100,15,0.151
HsqlHtmidMatcherImpl,HTMID,4198401,128.0,0.25,0.5,51,100,546,5.467
HsqlHtmidMatcherImpl,HTMID,4198401,128.0,0.25,0.25,9,100,223,2.234
HsqlHtmidMatcherImpl,HTMID,4198401,128.0,0.25,0.125,2,100,59,0.595
HsqlHtmidMatcherImpl,HTMID,4198401,128.0,0.25,0.0625,1,100,26,0.267
HsqlHtmidMatcherImpl,HTMID,4198401,128.0,0.25,0.03125,1,100,17,0.175
HsqlHtmidMatcherImpl,HTMID,4198401,128.0,0.25,0.015625,1,100,13,0.132
HsqlHtmidMatcherImpl,HTMID,4198401,128.0,0.25,0.0078125,1,100,11,0.115
HsqlHtmidMatcherImpl,HTMID,4198401,128.0,0.125,0.5,49,100,516,5.162
HsqlHtmidMatcherImpl,HTMID,4198401,128.0,0.125,0.25,11,100,150,1.508
HsqlHtmidMatcherImpl,HTMID,4198401,128.0,0.125,0.125,3,100,54,0.541
HsqlHtmidMatcherImpl,HTMID,4198401,128.0,0.125,0.0625,1,100,26,0.260
HsqlHtmidMatcherImpl,HTMID,4198401,128.0,0.125,0.03125,1,100,16,0.163
HsqlHtmidMatcherImpl,HTMID,4198401,128.0,0.125,0.015625,1,100,11,0.118
HsqlHtmidMatcherImpl,HTMID,4198401,128.0,0.125,0.0078125,1,100,10,0.105
HsqlHtmidMatcherImpl,HTMID,4198401,128.0,0.0625,0.5,51,100,590,5.903
HsqlHtmidMatcherImpl,HTMID,4198401,128.0,0.0625,0.25,10,100,182,1.829
HsqlHtmidMatcherImpl,HTMID,4198401,128.0,0.0625,0.125,2,100,80,0.809
HsqlHtmidMatcherImpl,HTMID,4198401,128.0,0.0625,0.0625,1,100,26,0.260
HsqlHtmidMatcherImpl,HTMID,4198401,128.0,0.0625,0.03125,1,100,15,0.159
HsqlHtmidMatcherImpl,HTMID,4198401,128.0,0.0625,0.015625,1,100,27,0.278
HsqlHtmidMatcherImpl,HTMID,4198401,128.0,0.0625,0.0078125,1,100,12,0.121
HsqlHtmidMatcherImpl,HTMID,4198401,128.0,0.03125,0.5,50,100,500,5.006
HsqlHtmidMatcherImpl,HTMID,4198401,128.0,0.03125,0.25,13,100,150,1.503
HsqlHtmidMatcherImpl,HTMID,4198401,128.0,0.03125,0.125,2,100,52,0.527
HsqlHtmidMatcherImpl,HTMID,4198401,128.0,0.03125,0.0625,1,100,25,0.250
HsqlHtmidMatcherImpl,HTMID,4198401,128.0,0.03125,0.03125,1,100,14,0.146
HsqlHtmidMatcherImpl,HTMID,4198401,128.0,0.03125,0.015625,1,100,10,0.100
HsqlHtmidMatcherImpl,HTMID,4198401,128.0,0.03125,0.0078125,1,100,9,0.093
HsqlHtmidMatcherImpl,HTMID,4198401,128.0,0.015625,0.5,48,100,410,4.110
HsqlHtmidMatcherImpl,HTMID,4198401,128.0,0.015625,0.25,13,100,113,1.134
HsqlHtmidMatcherImpl,HTMID,4198401,128.0,0.015625,0.125,4,100,38,0.382
HsqlHtmidMatcherImpl,HTMID,4198401,128.0,0.015625,0.0625,1,100,14,0.148
HsqlHtmidMatcherImpl,HTMID,4198401,128.0,0.015625,0.03125,1,100,16,0.161
HsqlHtmidMatcherImpl,HTMID,4198401,128.0,0.015625,0.015625,1,100,7,0.073
HsqlHtmidMatcherImpl,HTMID,4198401,128.0,0.015625,0.0078125,1,100,5,0.059
HsqlHtmidMatcherImpl,HTMID,4198401,128.0,0.0078125,0.5,46,100,381,3.811
HsqlHtmidMatcherImpl,HTMID,4198401,128.0,0.0078125,0.25,12,100,112,1.123
HsqlHtmidMatcherImpl,HTMID,4198401,128.0,0.0078125,0.125,3,100,37,0.371
HsqlHtmidMatcherImpl,HTMID,4198401,128.0,0.0078125,0.0625,1,100,14,0.148
HsqlHtmidMatcherImpl,HTMID,4198401,128.0,0.0078125,0.03125,1,100,8,0.081
HsqlHtmidMatcherImpl,HTMID,4198401,128.0,0.0078125,0.015625,1,100,5,0.058
HsqlHtmidMatcherImpl,HTMID,4198401,128.0,0.0078125,0.0078125,1,100,5,0.053
HsqlHtmidMatcherImpl,HTMID,4198401,64.0,0.5,0.5,205,100,490,4.907
HsqlHtmidMatcherImpl,HTMID,4198401,64.0,0.5,0.25,47,100,144,1.446
HsqlHtmidMatcherImpl,HTMID,4198401,64.0,0.5,0.125,13,100,51,0.520
HsqlHtmidMatcherImpl,HTMID,4198401,64.0,0.5,0.0625,4,100,31,0.318
HsqlHtmidMatcherImpl,HTMID,4198401,64.0,0.5,0.03125,1,100,9,0.094
HsqlHtmidMatcherImpl,HTMID,4198401,64.0,0.5,0.015625,1,100,6,0.061
HsqlHtmidMatcherImpl,HTMID,4198401,64.0,0.5,0.0078125,1,100,5,0.053
HsqlHtmidMatcherImpl,HTMID,4198401,64.0,0.25,0.5,203,100,508,5.082
HsqlHtmidMatcherImpl,HTMID,4198401,64.0,0.25,0.25,52,100,144,1.450
HsqlHtmidMatcherImpl,HTMID,4198401,64.0,0.25,0.125,12,100,46,0.463
HsqlHtmidMatcherImpl,HTMID,4198401,64.0,0.25,0.0625,3,100,18,0.182
HsqlHtmidMatcherImpl,HTMID,4198401,64.0,0.25,0.03125,1,100,9,0.096
HsqlHtmidMatcherImpl,HTMID,4198401,64.0,0.25,0.015625,1,100,6,0.061
HsqlHtmidMatcherImpl,HTMID,4198401,64.0,0.25,0.0078125,1,100,5,0.054
HsqlHtmidMatcherImpl,HTMID,4198401,64.0,0.125,0.5,206,100,501,5.011
HsqlHtmidMatcherImpl,HTMID,4198401,64.0,0.125,0.25,49,100,132,1.321
HsqlHtmidMatcherImpl,HTMID,4198401,64.0,0.125,0.125,11,100,42,0.423
HsqlHtmidMatcherImpl,HTMID,4198401,64.0,0.125,0.0625,4,100,16,0.162
HsqlHtmidMatcherImpl,HTMID,4198401,64.0,0.125,0.03125,1,100,8,0.084
HsqlHtmidMatcherImpl,HTMID,4198401,64.0,0.125,0.015625,1,100,5,0.052
HsqlHtmidMatcherImpl,HTMID,4198401,64.0,0.125,0.0078125,1,100,4,0.044
HsqlHtmidMatcherImpl,HTMID,4198401,64.0,0.0625,0.5,202,100,503,5.031
HsqlHtmidMatcherImpl,HTMID,4198401,64.0,0.0625,0.25,54,100,202,2.020
HsqlHtmidMatcherImpl,HTMID,4198401,64.0,0.0625,0.125,10,100,78,0.786
HsqlHtmidMatcherImpl,HTMID,4198401,64.0,0.0625,0.0625,3,100,24,0.248
HsqlHtmidMatcherImpl,HTMID,4198401,64.0,0.0625,0.03125,1,100,12,0.128
HsqlHtmidMatcherImpl,HTMID,4198401,64.0,0.0625,0.015625,1,100,9,0.093
HsqlHtmidMatcherImpl,HTMID,4198401,64.0,0.0625,0.0078125,1,100,7,0.073
HsqlHtmidMatcherImpl,HTMID,4198401,64.0,0.03125,0.5,197,100,502,5.028
HsqlHtmidMatcherImpl,HTMID,4198401,64.0,0.03125,0.25,48,100,143,1.433
HsqlHtmidMatcherImpl,HTMID,4198401,64.0,0.03125,0.125,12,100,45,0.450
HsqlHtmidMatcherImpl,HTMID,4198401,64.0,0.03125,0.0625,4,100,18,0.181
HsqlHtmidMatcherImpl,HTMID,4198401,64.0,0.03125,0.03125,1,100,9,0.099
HsqlHtmidMatcherImpl,HTMID,4198401,64.0,0.03125,0.015625,1,100,6,0.061
HsqlHtmidMatcherImpl,HTMID,4198401,64.0,0.03125,0.0078125,1,100,5,0.052
HsqlHtmidMatcherImpl,HTMID,4198401,64.0,0.015625,0.5,204,100,482,4.824
HsqlHtmidMatcherImpl,HTMID,4198401,64.0,0.015625,0.25,51,100,136,1.361
HsqlHtmidMatcherImpl,HTMID,4198401,64.0,0.015625,0.125,12,100,44,0.445
HsqlHtmidMatcherImpl,HTMID,4198401,64.0,0.015625,0.0625,2,100,32,0.322
HsqlHtmidMatcherImpl,HTMID,4198401,64.0,0.015625,0.03125,1,100,21,0.217
HsqlHtmidMatcherImpl,HTMID,4198401,64.0,0.015625,0.015625,1,100,7,0.080
HsqlHtmidMatcherImpl,HTMID,4198401,64.0,0.015625,0.0078125,1,100,5,0.055
HsqlHtmidMatcherImpl,HTMID,4198401,64.0,0.0078125,0.5,202,100,462,4.623
HsqlHtmidMatcherImpl,HTMID,4198401,64.0,0.0078125,0.25,48,100,131,1.311
HsqlHtmidMatcherImpl,HTMID,4198401,64.0,0.0078125,0.125,9,100,63,0.636
HsqlHtmidMatcherImpl,HTMID,4198401,64.0,0.0078125,0.0625,3,100,17,0.177
HsqlHtmidMatcherImpl,HTMID,4198401,64.0,0.0078125,0.03125,1,100,9,0.091
HsqlHtmidMatcherImpl,HTMID,4198401,64.0,0.0078125,0.015625,1,100,5,0.059
HsqlHtmidMatcherImpl,HTMID,4198401,64.0,0.0078125,0.0078125,1,100,4,0.049
HsqlHtmidMatcherImpl,HTMID,4198401,32.0,0.5,0.5,802,100,923,9.238
HsqlHtmidMatcherImpl,HTMID,4198401,32.0,0.5,0.25,197,100,251,2.512
HsqlHtmidMatcherImpl,HTMID,4198401,32.0,0.5,0.125,52,100,76,0.765
HsqlHtmidMatcherImpl,HTMID,4198401,32.0,0.5,0.0625,11,100,27,0.270
HsqlHtmidMatcherImpl,HTMID,4198401,32.0,0.5,0.03125,3,100,12,0.129
HsqlHtmidMatcherImpl,HTMID,4198401,32.0,0.5,0.015625,1,100,6,0.070
HsqlHtmidMatcherImpl,HTMID,4198401,32.0,0.5,0.0078125,1,100,5,0.053
HsqlHtmidMatcherImpl,HTMID,4198401,32.0,0.25,0.5,804,100,915,9.150
HsqlHtmidMatcherImpl,HTMID,4198401,32.0,0.25,0.25,207,100,250,2.507
HsqlHtmidMatcherImpl,HTMID,4198401,32.0,0.25,0.125,47,100,76,0.768
HsqlHtmidMatcherImpl,HTMID,4198401,32.0,0.25,0.0625,12,100,27,0.274
HsqlHtmidMatcherImpl,HTMID,4198401,32.0,0.25,0.03125,3,100,13,0.134
HsqlHtmidMatcherImpl,HTMID,4198401,32.0,0.25,0.015625,1,100,6,0.069
HsqlHtmidMatcherImpl,HTMID,4198401,32.0,0.25,0.0078125,1,100,5,0.057
HsqlHtmidMatcherImpl,HTMID,4198401,32.0,0.125,0.5,803,100,896,8.966
HsqlHtmidMatcherImpl,HTMID,4198401,32.0,0.125,0.25,203,100,250,2.506
HsqlHtmidMatcherImpl,HTMID,4198401,32.0,0.125,0.125,50,100,76,0.769
HsqlHtmidMatcherImpl,HTMID,4198401,32.0,0.125,0.0625,12,100,26,0.264
HsqlHtmidMatcherImpl,HTMID,4198401,32.0,0.125,0.03125,3,100,12,0.126
HsqlHtmidMatcherImpl,HTMID,4198401,32.0,0.125,0.015625,1,100,6,0.064
HsqlHtmidMatcherImpl,HTMID,4198401,32.0,0.125,0.0078125,1,100,15,0.153
HsqlHtmidMatcherImpl,HTMID,4198401,32.0,0.0625,0.5,804,100,877,8.776
HsqlHtmidMatcherImpl,HTMID,4198401,32.0,0.0625,0.25,203,100,236,2.362
HsqlHtmidMatcherImpl,HTMID,4198401,32.0,0.0625,0.125,48,100,72,0.723
HsqlHtmidMatcherImpl,HTMID,4198401,32.0,0.0625,0.0625,12,100,25,0.251
HsqlHtmidMatcherImpl,HTMID,4198401,32.0,0.0625,0.03125,3,100,12,0.125
HsqlHtmidMatcherImpl,HTMID,4198401,32.0,0.0625,0.015625,1,100,6,0.064
HsqlHtmidMatcherImpl,HTMID,4198401,32.0,0.0625,0.0078125,1,100,4,0.049
HsqlHtmidMatcherImpl,HTMID,4198401,32.0,0.03125,0.5,807,100,881,8.813
HsqlHtmidMatcherImpl,HTMID,4198401,32.0,0.03125,0.25,201,100,250,2.503
HsqlHtmidMatcherImpl,HTMID,4198401,32.0,0.03125,0.125,51,100,76,0.764
HsqlHtmidMatcherImpl,HTMID,4198401,32.0,0.03125,0.0625,11,100,27,0.275
HsqlHtmidMatcherImpl,HTMID,4198401,32.0,0.03125,0.03125,3,100,13,0.131
HsqlHtmidMatcherImpl,HTMID,4198401,32.0,0.03125,0.015625,1,100,7,0.071
HsqlHtmidMatcherImpl,HTMID,4198401,32.0,0.03125,0.0078125,1,100,5,0.057
HsqlHtmidMatcherImpl,HTMID,4198401,32.0,0.015625,0.5,803,100,799,8.000
HsqlHtmidMatcherImpl,HTMID,4198401,32.0,0.015625,0.25,202,100,221,2.213
HsqlHtmidMatcherImpl,HTMID,4198401,32.0,0.015625,0.125,48,100,67,0.677
HsqlHtmidMatcherImpl,HTMID,4198401,32.0,0.015625,0.0625,12,100,23,0.236
HsqlHtmidMatcherImpl,HTMID,4198401,32.0,0.015625,0.03125,1,100,11,0.114
HsqlHtmidMatcherImpl,HTMID,4198401,32.0,0.015625,0.015625,1,100,6,0.061
HsqlHtmidMatcherImpl,HTMID,4198401,32.0,0.015625,0.0078125,1,100,4,0.048
HsqlHtmidMatcherImpl,HTMID,4198401,32.0,0.0078125,0.5,806,100,905,9.055
HsqlHtmidMatcherImpl,HTMID,4198401,32.0,0.0078125,0.25,203,100,248,2.490
HsqlHtmidMatcherImpl,HTMID,4198401,32.0,0.0078125,0.125,49,100,75,0.755
HsqlHtmidMatcherImpl,HTMID,4198401,32.0,0.0078125,0.0625,9,100,26,0.270
HsqlHtmidMatcherImpl,HTMID,4198401,32.0,0.0078125,0.03125,2,100,12,0.128
HsqlHtmidMatcherImpl,HTMID,4198401,32.0,0.0078125,0.015625,1,100,6,0.063
HsqlHtmidMatcherImpl,HTMID,4198401,32.0,0.0078125,0.0078125,1,100,5,0.052
HsqlZoneMatcherImpl,SEPARATE,4198401,128.0,0.5,0.5,50,100,3946,39.470
HsqlZoneMatcherImpl,SEPARATE,4198401,128.0,0.5,0.25,10,100,2163,21.638
HsqlZoneMatcherImpl,SEPARATE,4198401,128.0,0.5,0.125,4,100,2087,20.872
HsqlZoneMatcherImpl,SEPARATE,4198401,128.0,0.5,0.0625,1,100,2143,21.439
HsqlZoneMatcherImpl,SEPARATE,4198401,128.0,0.5,0.03125,1,100,2104,21.042
HsqlZoneMatcherImpl,SEPARATE,4198401,128.0,0.5,0.015625,1,100,2050,20.502
HsqlZoneMatcherImpl,SEPARATE,4198401,128.0,0.5,0.0078125,1,100,2054,20.545
HsqlZoneMatcherImpl,SEPARATE,4198401,128.0,0.25,0.5,51,100,3624,36.247
HsqlZoneMatcherImpl,SEPARATE,4198401,128.0,0.25,0.25,13,100,1788,17.884
HsqlZoneMatcherImpl,SEPARATE,4198401,128.0,0.25,0.125,2,100,1125,11.258
HsqlZoneMatcherImpl,SEPARATE,4198401,128.0,0.25,0.0625,1,100,1128,11.284
HsqlZoneMatcherImpl,SEPARATE,4198401,128.0,0.25,0.03125,1,100,1122,11.226
HsqlZoneMatcherImpl,SEPARATE,4198401,128.0,0.25,0.015625,1,100,1123,11.235
HsqlZoneMatcherImpl,SEPARATE,4198401,128.0,0.25,0.0078125,1,100,1122,11.225
HsqlZoneMatcherImpl,SEPARATE,4198401,128.0,0.125,0.5,51,100,3005,30.051
HsqlZoneMatcherImpl,SEPARATE,4198401,128.0,0.125,0.25,11,100,1444,14.445
HsqlZoneMatcherImpl,SEPARATE,4198401,128.0,0.125,0.125,3,100,791,7.916
HsqlZoneMatcherImpl,SEPARATE,4198401,128.0,0.125,0.0625,1,100,522,5.226
HsqlZoneMatcherImpl,SEPARATE,4198401,128.0,0.125,0.03125,1,100,547,5.472
HsqlZoneMatcherImpl,SEPARATE,4198401,128.0,0.125,0.015625,1,100,560,5.607
HsqlZoneMatcherImpl,SEPARATE,4198401,128.0,0.125,0.0078125,1,100,561,5.613
HsqlZoneMatcherImpl,SEPARATE,4198401,128.0,0.0625,0.5,48,100,2694,26.940
HsqlZoneMatcherImpl,SEPARATE,4198401,128.0,0.0625,0.25,10,100,1141,11.417
HsqlZoneMatcherImpl,SEPARATE,4198401,128.0,0.0625,0.125,4,100,667,6.672
HsqlZoneMatcherImpl,SEPARATE,4198401,128.0,0.0625,0.0625,1,100,370,3.702
HsqlZoneMatcherImpl,SEPARATE,4198401,128.0,0.0625,0.03125,1,100,222,2.222
HsqlZoneMatcherImpl,SEPARATE,4198401,128.0,0.0625,0.015625,1,100,221,2.216
HsqlZoneMatcherImpl,SEPARATE,4198401,128.0,0.0625,0.0078125,1,100,222,2.220
HsqlZoneMatcherImpl,SEPARATE,4198401,128.0,0.03125,0.5,49,100,2656,26.570
HsqlZoneMatcherImpl,SEPARATE,4198401,128.0,0.03125,0.25,13,100,1161,11.611
HsqlZoneMatcherImpl,SEPARATE,4198401,128.0,0.03125,0.125,4,100,4043,40.438
HsqlZoneMatcherImpl,SEPARATE,4198401,128.0,0.03125,0.0625,1,100,142,1.427
HsqlZoneMatcherImpl,SEPARATE,4198401,128.0,0.03125,0.03125,1,100,122,1.228
HsqlZoneMatcherImpl,SEPARATE,4198401,128.0,0.03125,0.015625,1,100,114,1.142
HsqlZoneMatcherImpl,SEPARATE,4198401,128.0,0.03125,0.0078125,1,100,110,1.101
HsqlZoneMatcherImpl,SEPARATE,4198401,128.0,0.015625,0.5,47,100,2281,22.813
HsqlZoneMatcherImpl,SEPARATE,4198401,128.0,0.015625,0.25,9,100,1040,10.401
HsqlZoneMatcherImpl,SEPARATE,4198401,128.0,0.015625,0.125,2,100,583,5.837
HsqlZoneMatcherImpl,SEPARATE,4198401,128.0,0.015625,0.0625,1,100,222,2.228
HsqlZoneMatcherImpl,SEPARATE,4198401,128.0,0.015625,0.03125,1,100,192,1.929
HsqlZoneMatcherImpl,SEPARATE,4198401,128.0,0.015625,0.015625,1,100,84,0.840
HsqlZoneMatcherImpl,SEPARATE,4198401,128.0,0.015625,0.0078125,1,100,49,0.497
HsqlZoneMatcherImpl,SEPARATE,4198401,128.0,0.0078125,0.5,49,100,1386,13.861
HsqlZoneMatcherImpl,SEPARATE,4198401,128.0,0.0078125,0.25,10,100,749,7.499
HsqlZoneMatcherImpl,SEPARATE,4198401,128.0,0.0078125,0.125,2,100,368,3.681
HsqlZoneMatcherImpl,SEPARATE,4198401,128.0,0.0078125,0.0625,1,100,149,1.491
HsqlZoneMatcherImpl,SEPARATE,4198401,128.0,0.0078125,0.03125,1,100,122,1.221
HsqlZoneMatcherImpl,SEPARATE,4198401,128.0,0.0078125,0.015625,1,100,71,0.715
HsqlZoneMatcherImpl,SEPARATE,4198401,128.0,0.0078125,0.0078125,1,100,42,0.424
HsqlZoneMatcherImpl,SEPARATE,4198401,64.0,0.5,0.5,203,100,6327,63.278
HsqlZoneMatcherImpl,SEPARATE,4198401,64.0,0.5,0.25,51,100,3598,35.983
HsqlZoneMatcherImpl,SEPARATE,4198401,64.0,0.5,0.125,10,100,3658,36.588
HsqlZoneMatcherImpl,SEPARATE,4198401,64.0,0.5,0.0625,3,100,3804,38.042
HsqlZoneMatcherImpl,SEPARATE,4198401,64.0,0.5,0.03125,1,100,3951,39.518
HsqlZoneMatcherImpl,SEPARATE,4198401,64.0,0.5,0.015625,1,100,3999,39.993
HsqlZoneMatcherImpl,SEPARATE,4198401,64.0,0.5,0.0078125,1,100,3949,39.495
HsqlZoneMatcherImpl,SEPARATE,4198401,64.0,0.25,0.5,201,100,4913,49.137
HsqlZoneMatcherImpl,SEPARATE,4198401,64.0,0.25,0.25,49,100,2686,26.863
HsqlZoneMatcherImpl,SEPARATE,4198401,64.0,0.25,0.125,10,100,1370,13.708
HsqlZoneMatcherImpl,SEPARATE,4198401,64.0,0.25,0.0625,3,100,4605,46.054
HsqlZoneMatcherImpl,SEPARATE,4198401,64.0,0.25,0.03125,1,100,1634,16.343
HsqlZoneMatcherImpl,SEPARATE,4198401,64.0,0.25,0.015625,1,100,1870,18.705
HsqlZoneMatcherImpl,SEPARATE,4198401,64.0,0.25,0.0078125,1,100,1319,13.192
HsqlZoneMatcherImpl,SEPARATE,4198401,64.0,0.125,0.5,201,100,4397,43.977
HsqlZoneMatcherImpl,SEPARATE,4198401,64.0,0.125,0.25,50,100,1951,19.513
HsqlZoneMatcherImpl,SEPARATE,4198401,64.0,0.125,0.125,13,100,999,9.997
HsqlZoneMatcherImpl,SEPARATE,4198401,64.0,0.125,0.0625,4,100,642,6.429
HsqlZoneMatcherImpl,SEPARATE,4198401,64.0,0.125,0.03125,1,100,614,6.148
HsqlZoneMatcherImpl,SEPARATE,4198401,64.0,0.125,0.015625,1,100,609,6.099
HsqlZoneMatcherImpl,SEPARATE,4198401,64.0,0.125,0.0078125,1,100,609,6.097
HsqlZoneMatcherImpl,SEPARATE,4198401,64.0,0.0625,0.5,207,100,5118,51.182
HsqlZoneMatcherImpl,SEPARATE,4198401,64.0,0.0625,0.25,49,100,1774,17.745
HsqlZoneMatcherImpl,SEPARATE,4198401,64.0,0.0625,0.125,10,100,759,7.590
HsqlZoneMatcherImpl,SEPARATE,4198401,64.0,0.0625,0.0625,3,100,430,4.308
HsqlZoneMatcherImpl,SEPARATE,4198401,64.0,0.0625,0.03125,1,100,279,2.795
HsqlZoneMatcherImpl,SEPARATE,4198401,64.0,0.0625,0.015625,1,100,282,2.824
HsqlZoneMatcherImpl,SEPARATE,4198401,64.0,0.0625,0.0078125,1,100,279,2.796
HsqlZoneMatcherImpl,SEPARATE,4198401,64.0,0.03125,0.5,203,100,4035,40.357
HsqlZoneMatcherImpl,SEPARATE,4198401,64.0,0.03125,0.25,50,100,1662,16.621
HsqlZoneMatcherImpl,SEPARATE,4198401,64.0,0.03125,0.125,12,100,826,8.265
HsqlZoneMatcherImpl,SEPARATE,4198401,64.0,0.03125,0.0625,2,100,449,4.496
HsqlZoneMatcherImpl,SEPARATE,4198401,64.0,0.03125,0.03125,1,100,254,2.543
HsqlZoneMatcherImpl,SEPARATE,4198401,64.0,0.03125,0.015625,1,100,149,1.498
HsqlZoneMatcherImpl,SEPARATE,4198401,64.0,0.03125,0.0078125,1,100,150,1.503
HsqlZoneMatcherImpl,SEPARATE,4198401,64.0,0.015625,0.5,200,100,4274,42.747
HsqlZoneMatcherImpl,SEPARATE,4198401,64.0,0.015625,0.25,52,100,1640,16.401
HsqlZoneMatcherImpl,SEPARATE,4198401,64.0,0.015625,0.125,10,100,642,6.429
HsqlZoneMatcherImpl,SEPARATE,4198401,64.0,0.015625,0.0625,3,100,370,3.708
HsqlZoneMatcherImpl,SEPARATE,4198401,64.0,0.015625,0.03125,1,100,143,1.432
HsqlZoneMatcherImpl,SEPARATE,4198401,64.0,0.015625,0.015625,1,100,133,1.330
HsqlZoneMatcherImpl,SEPARATE,4198401,64.0,0.015625,0.0078125,1,100,116,1.161
HsqlZoneMatcherImpl,SEPARATE,4198401,64.0,0.0078125,0.5,204,100,4457,44.572
HsqlZoneMatcherImpl,SEPARATE,4198401,64.0,0.0078125,0.25,46,100,1730,17.305
HsqlZoneMatcherImpl,SEPARATE,4198401,64.0,0.0078125,0.125,14,100,757,7.572
HsqlZoneMatcherImpl,SEPARATE,4198401,64.0,0.0078125,0.0625,2,100,394,3.946
HsqlZoneMatcherImpl,SEPARATE,4198401,64.0,0.0078125,0.03125,1,100,152,1.520
HsqlZoneMatcherImpl,SEPARATE,4198401,64.0,0.0078125,0.015625,1,100,128,1.286
HsqlZoneMatcherImpl,SEPARATE,4198401,64.0,0.0078125,0.0078125,1,100,85,0.860
HsqlZoneMatcherImpl,SEPARATE,4198401,32.0,0.5,0.5,802,100,11151,111.513
HsqlZoneMatcherImpl,SEPARATE,4198401,32.0,0.5,0.25,204,100,7274,72.743
HsqlZoneMatcherImpl,SEPARATE,4198401,32.0,0.5,0.125,48,100,7914,79.149
HsqlZoneMatcherImpl,SEPARATE,4198401,32.0,0.5,0.0625,12,100,8042,80.424
HsqlZoneMatcherImpl,SEPARATE,4198401,32.0,0.5,0.03125,4,100,7328,73.287
HsqlZoneMatcherImpl,SEPARATE,4198401,32.0,0.5,0.015625,1,100,7470,74.707
HsqlZoneMatcherImpl,SEPARATE,4198401,32.0,0.5,0.0078125,1,100,7516,75.163
HsqlZoneMatcherImpl,SEPARATE,4198401,32.0,0.25,0.5,803,100,13273,132.739
HsqlZoneMatcherImpl,SEPARATE,4198401,32.0,0.25,0.25,204,100,6308,63.087
HsqlZoneMatcherImpl,SEPARATE,4198401,32.0,0.25,0.125,47,100,3932,39.321
HsqlZoneMatcherImpl,SEPARATE,4198401,32.0,0.25,0.0625,11,100,4282,42.821
HsqlZoneMatcherImpl,SEPARATE,4198401,32.0,0.25,0.03125,3,100,4186,41.868
HsqlZoneMatcherImpl,SEPARATE,4198401,32.0,0.25,0.015625,1,100,4282,42.825
HsqlZoneMatcherImpl,SEPARATE,4198401,32.0,0.25,0.0078125,1,100,4280,42.803
HsqlZoneMatcherImpl,SEPARATE,4198401,32.0,0.125,0.5,801,100,9386,93.867
HsqlZoneMatcherImpl,SEPARATE,4198401,32.0,0.125,0.25,203,100,5177,51.770
HsqlZoneMatcherImpl,SEPARATE,4198401,32.0,0.125,0.125,46,100,2672,26.720
HsqlZoneMatcherImpl,SEPARATE,4198401,32.0,0.125,0.0625,10,100,1509,15.092
HsqlZoneMatcherImpl,SEPARATE,4198401,32.0,0.125,0.03125,4,100,1513,15.132
HsqlZoneMatcherImpl,SEPARATE,4198401,32.0,0.125,0.015625,1,100,1511,15.110
HsqlZoneMatcherImpl,SEPARATE,4198401,32.0,0.125,0.0078125,1,100,1425,14.256
HsqlZoneMatcherImpl,SEPARATE,4198401,32.0,0.0625,0.5,803,100,9393,93.939
HsqlZoneMatcherImpl,SEPARATE,4198401,32.0,0.0625,0.25,197,100,6710,67.108
HsqlZoneMatcherImpl,SEPARATE,4198401,32.0,0.0625,0.125,52,100,1913,19.131
HsqlZoneMatcherImpl,SEPARATE,4198401,32.0,0.0625,0.0625,12,100,914,9.143
HsqlZoneMatcherImpl,SEPARATE,4198401,32.0,0.0625,0.03125,4,100,583,5.830
HsqlZoneMatcherImpl,SEPARATE,4198401,32.0,0.0625,0.015625,1,100,604,6.045
HsqlZoneMatcherImpl,SEPARATE,4198401,32.0,0.0625,0.0078125,1,100,588,5.889
HsqlZoneMatcherImpl,SEPARATE,4198401,32.0,0.03125,0.5,808,100,9323,93.238
HsqlZoneMatcherImpl,SEPARATE,4198401,32.0,0.03125,0.25,201,100,4499,44.992
HsqlZoneMatcherImpl,SEPARATE,4198401,32.0,0.03125,0.125,50,100,1968,19.684
HsqlZoneMatcherImpl,SEPARATE,4198401,32.0,0.03125,0.0625,12,100,923,9.231
HsqlZoneMatcherImpl,SEPARATE,4198401,32.0,0.03125,0.03125,3,100,540,5.409
HsqlZoneMatcherImpl,SEPARATE,4198401,32.0,0.03125,0.015625,1,100,350,3.505
HsqlZoneMatcherImpl,SEPARATE,4198401,32.0,0.03125,0.0078125,1,100,350,3.510
HsqlZoneMatcherImpl,SEPARATE,4198401,32.0,0.015625,0.5,803,100,8781,87.816
HsqlZoneMatcherImpl,SEPARATE,4198401,32.0,0.015625,0.25,203,100,3902,39.024
HsqlZoneMatcherImpl,SEPARATE,4198401,32.0,0.015625,0.125,47,100,1464,14.643
HsqlZoneMatcherImpl,SEPARATE,4198401,32.0,0.015625,0.0625,13,100,686,6.862
HsqlZoneMatcherImpl,SEPARATE,4198401,32.0,0.015625,0.03125,4,100,392,3.921
HsqlZoneMatcherImpl,SEPARATE,4198401,32.0,0.015625,0.015625,1,100,224,2.242
HsqlZoneMatcherImpl,SEPARATE,4198401,32.0,0.015625,0.0078125,1,100,129,1.296
HsqlZoneMatcherImpl,SEPARATE,4198401,32.0,0.0078125,0.5,795,100,7918,79.184
HsqlZoneMatcherImpl,SEPARATE,4198401,32.0,0.0078125,0.25,204,100,3818,38.190
HsqlZoneMatcherImpl,SEPARATE,4198401,32.0,0.0078125,0.125,48,100,1418,14.186
HsqlZoneMatcherImpl,SEPARATE,4198401,32.0,0.0078125,0.0625,10,100,682,6.821
HsqlZoneMatcherImpl,SEPARATE,4198401,32.0,0.0078125,0.03125,4,100,388,3.885
HsqlZoneMatcherImpl,SEPARATE,4198401,32.0,0.0078125,0.015625,1,100,145,1.457
HsqlZoneMatcherImpl,SEPARATE,4198401,32.0,0.0078125,0.0078125,1,100,124,1.244
HsqlZoneMatcherImpl,COMBINED,4198401,128.0,0.5,0.5,53,100,2238,22.384
HsqlZoneMatcherImpl,COMBINED,4198401,128.0,0.5,0.25,11,100,1423,14.237
HsqlZoneMatcherImpl,COMBINED,4198401,128.0,0.5,0.125,2,100,1424,14.241
HsqlZoneMatcherImpl,COMBINED,4198401,128.0,0.5,0.0625,1,100,1352,13.528
HsqlZoneMatcherImpl,COMBINED,4198401,128.0,0.5,0.03125,1,100,1231,12.311
HsqlZoneMatcherImpl,COMBINED,4198401,128.0,0.5,0.015625,1,100,1211,12.117
HsqlZoneMatcherImpl,COMBINED,4198401,128.0,0.5,0.0078125,1,100,1256,12.566
HsqlZoneMatcherImpl,COMBINED,4198401,128.0,0.25,0.5,51,100,2399,23.992
HsqlZoneMatcherImpl,COMBINED,4198401,128.0,0.25,0.25,11,100,1125,11.260
HsqlZoneMatcherImpl,COMBINED,4198401,128.0,0.25,0.125,2,100,722,7.227
HsqlZoneMatcherImpl,COMBINED,4198401,128.0,0.25,0.0625,1,100,722,7.221
HsqlZoneMatcherImpl,COMBINED,4198401,128.0,0.25,0.03125,1,100,720,7.210
HsqlZoneMatcherImpl,COMBINED,4198401,128.0,0.25,0.015625,1,100,681,6.812
HsqlZoneMatcherImpl,COMBINED,4198401,128.0,0.25,0.0078125,1,100,591,5.918
HsqlZoneMatcherImpl,COMBINED,4198401,128.0,0.125,0.5,48,100,1558,15.590
HsqlZoneMatcherImpl,COMBINED,4198401,128.0,0.125,0.25,10,100,746,7.469
HsqlZoneMatcherImpl,COMBINED,4198401,128.0,0.125,0.125,5,100,508,5.086
HsqlZoneMatcherImpl,COMBINED,4198401,128.0,0.125,0.0625,1,100,349,3.500
HsqlZoneMatcherImpl,COMBINED,4198401,128.0,0.125,0.03125,1,100,349,3.491
HsqlZoneMatcherImpl,COMBINED,4198401,128.0,0.125,0.015625,1,100,348,3.489
HsqlZoneMatcherImpl,COMBINED,4198401,128.0,0.125,0.0078125,1,100,348,3.489
HsqlZoneMatcherImpl,COMBINED,4198401,128.0,0.0625,0.5,49,100,1502,15.029
HsqlZoneMatcherImpl,COMBINED,4198401,128.0,0.0625,0.25,10,100,755,7.558
HsqlZoneMatcherImpl,COMBINED,4198401,128.0,0.0625,0.125,4,100,366,3.667
HsqlZoneMatcherImpl,COMBINED,4198401,128.0,0.0625,0.0625,1,100,215,2.150
HsqlZoneMatcherImpl,COMBINED,4198401,128.0,0.0625,0.03125,1,100,137,1.379
HsqlZoneMatcherImpl,COMBINED,4198401,128.0,0.0625,0.015625,1,100,139,1.399
HsqlZoneMatcherImpl,COMBINED,4198401,128.0,0.0625,0.0078125,1,100,131,1.312
HsqlZoneMatcherImpl,COMBINED,4198401,128.0,0.03125,0.5,50,100,1538,15.382
HsqlZoneMatcherImpl,COMBINED,4198401,128.0,0.03125,0.25,11,100,796,7.964
HsqlZoneMatcherImpl,COMBINED,4198401,128.0,0.03125,0.125,3,100,446,4.465
HsqlZoneMatcherImpl,COMBINED,4198401,128.0,0.03125,0.0625,1,100,154,1.545
HsqlZoneMatcherImpl,COMBINED,4198401,128.0,0.03125,0.03125,1,100,135,1.358
HsqlZoneMatcherImpl,COMBINED,4198401,128.0,0.03125,0.015625,1,100,121,1.213
HsqlZoneMatcherImpl,COMBINED,4198401,128.0,0.03125,0.0078125,1,100,120,1.206
HsqlZoneMatcherImpl,COMBINED,4198401,128.0,0.015625,0.5,51,100,2716,27.165
HsqlZoneMatcherImpl,COMBINED,4198401,128.0,0.015625,0.25,10,100,1091,10.918
HsqlZoneMatcherImpl,COMBINED,4198401,128.0,0.015625,0.125,5,100,568,5.684
HsqlZoneMatcherImpl,COMBINED,4198401,128.0,0.015625,0.0625,1,100,242,2.426
HsqlZoneMatcherImpl,COMBINED,4198401,128.0,0.015625,0.03125,1,100,201,2.019
HsqlZoneMatcherImpl,COMBINED,4198401,128.0,0.015625,0.015625,1,100,143,1.436
HsqlZoneMatcherImpl,COMBINED,4198401,128.0,0.015625,0.0078125,1,100,96,0.965
HsqlZoneMatcherImpl,COMBINED,4198401,128.0,0.0078125,0.5,51,100,1432,14.322
HsqlZoneMatcherImpl,COMBINED,4198401,128.0,0.0078125,0.25,12,100,666,6.662
HsqlZoneMatcherImpl,COMBINED,4198401,128.0,0.0078125,0.125,3,100,314,3.143
HsqlZoneMatcherImpl,COMBINED,4198401,128.0,0.0078125,0.0625,1,100,124,1.241
HsqlZoneMatcherImpl,COMBINED,4198401,128.0,0.0078125,0.03125,1,100,101,1.014
HsqlZoneMatcherImpl,COMBINED,4198401,128.0,0.0078125,0.015625,1,100,57,0.575
HsqlZoneMatcherImpl,COMBINED,4198401,128.0,0.0078125,0.0078125,1,100,33,0.337
HsqlZoneMatcherImpl,COMBINED,4198401,64.0,0.5,0.5,198,100,5594,55.942
HsqlZoneMatcherImpl,COMBINED,4198401,64.0,0.5,0.25,48,100,3383,33.838
HsqlZoneMatcherImpl,COMBINED,4198401,64.0,0.5,0.125,10,100,3292,32.929
HsqlZoneMatcherImpl,COMBINED,4198401,64.0,0.5,0.0625,2,100,3271,32.710
HsqlZoneMatcherImpl,COMBINED,4198401,64.0,0.5,0.03125,1,100,3261,32.613
HsqlZoneMatcherImpl,COMBINED,4198401,64.0,0.5,0.015625,1,100,3596,35.969
HsqlZoneMatcherImpl,COMBINED,4198401,64.0,0.5,0.0078125,1,100,3737,37.374
HsqlZoneMatcherImpl,COMBINED,4198401,64.0,0.25,0.5,205,100,4972,49.730
HsqlZoneMatcherImpl,COMBINED,4198401,64.0,0.25,0.25,48,100,2455,24.555
HsqlZoneMatcherImpl,COMBINED,4198401,64.0,0.25,0.125,12,100,1339,13.394
HsqlZoneMatcherImpl,COMBINED,4198401,64.0,0.25,0.0625,3,100,1407,14.074
HsqlZoneMatcherImpl,COMBINED,4198401,64.0,0.25,0.03125,1,100,1434,14.345
HsqlZoneMatcherImpl,COMBINED,4198401,64.0,0.25,0.015625,1,100,1408,14.080
HsqlZoneMatcherImpl,COMBINED,4198401,64.0,0.25,0.0078125,1,100,1359,13.596
HsqlZoneMatcherImpl,COMBINED,4198401,64.0,0.125,0.5,207,100,4390,43.907
HsqlZoneMatcherImpl,COMBINED,4198401,64.0,0.125,0.25,47,100,1987,19.876
HsqlZoneMatcherImpl,COMBINED,4198401,64.0,0.125,0.125,11,100,993,9.938
HsqlZoneMatcherImpl,COMBINED,4198401,64.0,0.125,0.0625,5,100,691,6.920
HsqlZoneMatcherImpl,COMBINED,4198401,64.0,0.125,0.03125,1,100,706,7.064
HsqlZoneMatcherImpl,COMBINED,4198401,64.0,0.125,0.015625,1,100,650,6.504
HsqlZoneMatcherImpl,COMBINED,4198401,64.0,0.125,0.0078125,1,100,613,6.133
HsqlZoneMatcherImpl,COMBINED,4198401,64.0,0.0625,0.5,201,100,5270,52.701
HsqlZoneMatcherImpl,COMBINED,4198401,64.0,0.0625,0.25,48,100,2933,29.336
HsqlZoneMatcherImpl,COMBINED,4198401,64.0,0.0625,0.125,12,100,3709,37.097
HsqlZoneMatcherImpl,COMBINED,4198401,64.0,0.0625,0.0625,2,100,482,4.821
HsqlZoneMatcherImpl,COMBINED,4198401,64.0,0.0625,0.03125,1,100,300,3.010
HsqlZoneMatcherImpl,COMBINED,4198401,64.0,0.0625,0.015625,1,100,290,2.906
HsqlZoneMatcherImpl,COMBINED,4198401,64.0,0.0625,0.0078125,1,100,360,3.607
HsqlZoneMatcherImpl,COMBINED,4198401,64.0,0.03125,0.5,207,100,4124,41.249
HsqlZoneMatcherImpl,COMBINED,4198401,64.0,0.03125,0.25,48,100,1653,16.533
HsqlZoneMatcherImpl,COMBINED,4198401,64.0,0.03125,0.125,13,100,778,7.785
HsqlZoneMatcherImpl,COMBINED,4198401,64.0,0.03125,0.0625,3,100,437,4.373
HsqlZoneMatcherImpl,COMBINED,4198401,64.0,0.03125,0.03125,1,100,248,2.482
HsqlZoneMatcherImpl,COMBINED,4198401,64.0,0.03125,0.015625,1,100,147,1.475
HsqlZoneMatcherImpl,COMBINED,4198401,64.0,0.03125,0.0078125,1,100,146,1.469
HsqlZoneMatcherImpl,COMBINED,4198401,64.0,0.015625,0.5,207,100,4586,45.862
HsqlZoneMatcherImpl,COMBINED,4198401,64.0,0.015625,0.25,47,100,1810,18.102
HsqlZoneMatcherImpl,COMBINED,4198401,64.0,0.015625,0.125,9,100,782,7.828
HsqlZoneMatcherImpl,COMBINED,4198401,64.0,0.015625,0.0625,3,100,442,4.425
HsqlZoneMatcherImpl,COMBINED,4198401,64.0,0.015625,0.03125,1,100,150,1.509
HsqlZoneMatcherImpl,COMBINED,4198401,64.0,0.015625,0.015625,1,100,131,1.314
HsqlZoneMatcherImpl,COMBINED,4198401,64.0,0.015625,0.0078125,1,100,117,1.173
HsqlZoneMatcherImpl,COMBINED,4198401,64.0,0.0078125,0.5,206,100,3564,35.641
HsqlZoneMatcherImpl,COMBINED,4198401,64.0,0.0078125,0.25,49,100,1537,15.371
HsqlZoneMatcherImpl,COMBINED,4198401,64.0,0.0078125,0.125,13,100,620,6.209
HsqlZoneMatcherImpl,COMBINED,4198401,64.0,0.0078125,0.0625,1,100,319,3.196
HsqlZoneMatcherImpl,COMBINED,4198401,64.0,0.0078125,0.03125,1,100,123,1.234
HsqlZoneMatcherImpl,COMBINED,4198401,64.0,0.0078125,0.015625,1,100,101,1.019
HsqlZoneMatcherImpl,COMBINED,4198401,64.0,0.0078125,0.0078125,1,100,68,0.682
HsqlZoneMatcherImpl,COMBINED,4198401,32.0,0.5,0.5,809,100,12765,127.653
HsqlZoneMatcherImpl,COMBINED,4198401,32.0,0.5,0.25,201,100,8288,82.885
HsqlZoneMatcherImpl,COMBINED,4198401,32.0,0.5,0.125,46,100,8438,84.384
HsqlZoneMatcherImpl,COMBINED,4198401,32.0,0.5,0.0625,10,100,8339,83.395
HsqlZoneMatcherImpl,COMBINED,4198401,32.0,0.5,0.03125,5,100,8223,82.231
HsqlZoneMatcherImpl,COMBINED,4198401,32.0,0.5,0.015625,1,100,10073,100.737
HsqlZoneMatcherImpl,COMBINED,4198401,32.0,0.5,0.0078125,1,100,7444,74.445
HsqlZoneMatcherImpl,COMBINED,4198401,32.0,0.25,0.5,808,100,10343,103.436
HsqlZoneMatcherImpl,COMBINED,4198401,32.0,0.25,0.25,199,100,6054,60.540
HsqlZoneMatcherImpl,COMBINED,4198401,32.0,0.25,0.125,49,100,3747,37.476
HsqlZoneMatcherImpl,COMBINED,4198401,32.0,0.25,0.0625,11,100,3250,32.502
HsqlZoneMatcherImpl,COMBINED,4198401,32.0,0.25,0.03125,4,100,3147,31.474
HsqlZoneMatcherImpl,COMBINED,4198401,32.0,0.25,0.015625,1,100,3285,32.854
HsqlZoneMatcherImpl,COMBINED,4198401,32.0,0.25,0.0078125,1,100,3403,34.032
HsqlZoneMatcherImpl,COMBINED,4198401,32.0,0.125,0.5,809,100,9602,96.022
HsqlZoneMatcherImpl,COMBINED,4198401,32.0,0.125,0.25,202,100,4217,42.173
HsqlZoneMatcherImpl,COMBINED,4198401,32.0,0.125,0.125,52,100,2417,24.174
HsqlZoneMatcherImpl,COMBINED,4198401,32.0,0.125,0.0625,9,100,1248,12.480
HsqlZoneMatcherImpl,COMBINED,4198401,32.0,0.125,0.03125,3,100,1289,12.894
HsqlZoneMatcherImpl,COMBINED,4198401,32.0,0.125,0.015625,1,100,1390,13.909
HsqlZoneMatcherImpl,COMBINED,4198401,32.0,0.125,0.0078125,1,100,1452,14.524
HsqlZoneMatcherImpl,COMBINED,4198401,32.0,0.0625,0.5,814,100,9625,96.257
HsqlZoneMatcherImpl,COMBINED,4198401,32.0,0.0625,0.25,201,100,6620,66.206
HsqlZoneMatcherImpl,COMBINED,4198401,32.0,0.0625,0.125,49,100,2113,21.134
HsqlZoneMatcherImpl,COMBINED,4198401,32.0,0.0625,0.0625,11,100,1064,10.645
HsqlZoneMatcherImpl,COMBINED,4198401,32.0,0.0625,0.03125,1,100,647,6.472
HsqlZoneMatcherImpl,COMBINED,4198401,32.0,0.0625,0.015625,1,100,693,6.933
HsqlZoneMatcherImpl,COMBINED,4198401,32.0,0.0625,0.0078125,1,100,663,6.637
HsqlZoneMatcherImpl,COMBINED,4198401,32.0,0.03125,0.5,805,100,9328,93.287
HsqlZoneMatcherImpl,COMBINED,4198401,32.0,0.03125,0.25,200,100,4507,45.078
HsqlZoneMatcherImpl,COMBINED,4198401,32.0,0.03125,0.125,49,100,1967,19.670
HsqlZoneMatcherImpl,COMBINED,4198401,32.0,0.03125,0.0625,11,100,922,9.224
HsqlZoneMatcherImpl,COMBINED,4198401,32.0,0.03125,0.03125,3,100,540,5.402
HsqlZoneMatcherImpl,COMBINED,4198401,32.0,0.03125,0.015625,1,100,347,3.474
HsqlZoneMatcherImpl,COMBINED,4198401,32.0,0.03125,0.0078125,1,100,347,3.474
HsqlZoneMatcherImpl,COMBINED,4198401,32.0,0.015625,0.5,807,100,9194,91.945
HsqlZoneMatcherImpl,COMBINED,4198401,32.0,0.015625,0.25,200,100,4247,42.479
HsqlZoneMatcherImpl,COMBINED,4198401,32.0,0.015625,0.125,52,100,1491,14.918
HsqlZoneMatcherImpl,COMBINED,4198401,32.0,0.015625,0.0625,10,100,689,6.894
HsqlZoneMatcherImpl,COMBINED,4198401,32.0,0.015625,0.03125,3,100,373,3.738
HsqlZoneMatcherImpl,COMBINED,4198401,32.0,0.015625,0.015625,1,100,208,2.086
HsqlZoneMatcherImpl,COMBINED,4198401,32.0,0.015625,0.0078125,1,100,123,1.238
HsqlZoneMatcherImpl,COMBINED,4198401,32.0,0.0078125,0.5,802,100,7635,76.355
HsqlZoneMatcherImpl,COMBINED,4198401,32.0,0.0078125,0.25,202,100,3543,35.439
HsqlZoneMatcherImpl,COMBINED,4198401,32.0,0.0078125,0.125,48,100,1608,16.083
HsqlZoneMatcherImpl,COMBINED,4198401,32.0,0.0078125,0.0625,12,100,660,6.610
HsqlZoneMatcherImpl,COMBINED,4198401,32.0,0.0078125,0.03125,4,100,361,3.610
HsqlZoneMatcherImpl,COMBINED,4198401,32.0,0.0078125,0.015625,1,100,125,1.253
HsqlZoneMatcherImpl,COMBINED,4198401,32.0,0.0078125,0.0078125,1,100,109,1.094
HsqlZoneMatcherImpl,COMPLEX,4198401,128.0,0.5,0.5,51,100,2233,22.334
HsqlZoneMatcherImpl,COMPLEX,4198401,128.0,0.5,0.25,12,100,1392,13.927
HsqlZoneMatcherImpl,COMPLEX,4198401,128.0,0.5,0.125,2,100,1449,14.496
HsqlZoneMatcherImpl,COMPLEX,4198401,128.0,0.5,0.0625,1,100,1396,13.963
HsqlZoneMatcherImpl,COMPLEX,4198401,128.0,0.5,0.03125,1,100,1328,13.288
HsqlZoneMatcherImpl,COMPLEX,4198401,128.0,0.5,0.015625,1,100,1205,12.059
HsqlZoneMatcherImpl,COMPLEX,4198401,128.0,0.5,0.0078125,1,100,1210,12.110
HsqlZoneMatcherImpl,COMPLEX,4198401,128.0,0.25,0.5,49,100,1738,17.383
HsqlZoneMatcherImpl,COMPLEX,4198401,128.0,0.25,0.25,11,100,890,8.902
HsqlZoneMatcherImpl,COMPLEX,4198401,128.0,0.25,0.125,3,100,580,5.805
HsqlZoneMatcherImpl,COMPLEX,4198401,128.0,0.25,0.0625,1,100,576,5.768
HsqlZoneMatcherImpl,COMPLEX,4198401,128.0,0.25,0.03125,1,100,576,5.767
HsqlZoneMatcherImpl,COMPLEX,4198401,128.0,0.25,0.015625,1,100,578,5.786
HsqlZoneMatcherImpl,COMPLEX,4198401,128.0,0.25,0.0078125,1,100,577,5.776
HsqlZoneMatcherImpl,COMPLEX,4198401,128.0,0.125,0.5,50,100,1990,19.908
HsqlZoneMatcherImpl,COMPLEX,4198401,128.0,0.125,0.25,10,100,836,8.362
HsqlZoneMatcherImpl,COMPLEX,4198401,128.0,0.125,0.125,3,100,541,5.413
HsqlZoneMatcherImpl,COMPLEX,4198401,128.0,0.125,0.0625,1,100,348,3.485
HsqlZoneMatcherImpl,COMPLEX,4198401,128.0,0.125,0.03125,1,100,347,3.470
HsqlZoneMatcherImpl,COMPLEX,4198401,128.0,0.125,0.015625,1,100,346,3.467
HsqlZoneMatcherImpl,COMPLEX,4198401,128.0,0.125,0.0078125,1,100,346,3.463
HsqlZoneMatcherImpl,COMPLEX,4198401,128.0,0.0625,0.5,47,100,1856,18.566
HsqlZoneMatcherImpl,COMPLEX,4198401,128.0,0.0625,0.25,12,100,810,8.102
HsqlZoneMatcherImpl,COMPLEX,4198401,128.0,0.0625,0.125,4,100,435,4.357
HsqlZoneMatcherImpl,COMPLEX,4198401,128.0,0.0625,0.0625,1,100,244,2.444
HsqlZoneMatcherImpl,COMPLEX,4198401,128.0,0.0625,0.03125,1,100,146,1.467
HsqlZoneMatcherImpl,COMPLEX,4198401,128.0,0.0625,0.015625,1,100,146,1.466
HsqlZoneMatcherImpl,COMPLEX,4198401,128.0,0.0625,0.0078125,1,100,131,1.311
HsqlZoneMatcherImpl,COMPLEX,4198401,128.0,0.03125,0.5,50,100,1722,17.226
HsqlZoneMatcherImpl,COMPLEX,4198401,128.0,0.03125,0.25,12,100,723,7.232
HsqlZoneMatcherImpl,COMPLEX,4198401,128.0,0.03125,0.125,2,100,367,3.673
HsqlZoneMatcherImpl,COMPLEX,4198401,128.0,0.03125,0.0625,1,100,127,1.271
HsqlZoneMatcherImpl,COMPLEX,4198401,128.0,0.03125,0.03125,1,100,111,1.115
HsqlZoneMatcherImpl,COMPLEX,4198401,128.0,0.03125,0.015625,1,100,98,0.980
HsqlZoneMatcherImpl,COMPLEX,4198401,128.0,0.03125,0.0078125,1,100,97,0.977
HsqlZoneMatcherImpl,COMPLEX,4198401,128.0,0.015625,0.5,50,100,1454,14.543
HsqlZoneMatcherImpl,COMPLEX,4198401,128.0,0.015625,0.25,11,100,691,6.913
HsqlZoneMatcherImpl,COMPLEX,4198401,128.0,0.015625,0.125,2,100,362,3.628
HsqlZoneMatcherImpl,COMPLEX,4198401,128.0,0.015625,0.0625,1,100,121,1.210
HsqlZoneMatcherImpl,COMPLEX,4198401,128.0,0.015625,0.03125,1,100,101,1.011
HsqlZoneMatcherImpl,COMPLEX,4198401,128.0,0.015625,0.015625,1,100,67,0.670
HsqlZoneMatcherImpl,COMPLEX,4198401,128.0,0.015625,0.0078125,1,100,43,0.433
HsqlZoneMatcherImpl,COMPLEX,4198401,128.0,0.0078125,0.5,50,100,1557,15.574
HsqlZoneMatcherImpl,COMPLEX,4198401,128.0,0.0078125,0.25,11,100,683,6.837
HsqlZoneMatcherImpl,COMPLEX,4198401,128.0,0.0078125,0.125,3,100,333,3.335
HsqlZoneMatcherImpl,COMPLEX,4198401,128.0,0.0078125,0.0625,1,100,136,1.363
HsqlZoneMatcherImpl,COMPLEX,4198401,128.0,0.0078125,0.03125,1,100,109,1.093
HsqlZoneMatcherImpl,COMPLEX,4198401,128.0,0.0078125,0.015625,1,100,69,0.690
HsqlZoneMatcherImpl,COMPLEX,4198401,128.0,0.0078125,0.0078125,1,100,42,0.424
HsqlZoneMatcherImpl,COMPLEX,4198401,64.0,0.5,0.5,201,100,5422,54.226
HsqlZoneMatcherImpl,COMPLEX,4198401,64.0,0.5,0.25,49,100,3423,34.233
HsqlZoneMatcherImpl,COMPLEX,4198401,64.0,0.5,0.125,12,100,3061,30.617
HsqlZoneMatcherImpl,COMPLEX,4198401,64.0,0.5,0.0625,2,100,3256,32.566
HsqlZoneMatcherImpl,COMPLEX,4198401,64.0,0.5,0.03125,1,100,3393,33.935
HsqlZoneMatcherImpl,COMPLEX,4198401,64.0,0.5,0.015625,1,100,3399,33.999
HsqlZoneMatcherImpl,COMPLEX,4198401,64.0,0.5,0.0078125,1,100,3427,34.280
HsqlZoneMatcherImpl,COMPLEX,4198401,64.0,0.25,0.5,206,100,4469,44.696
HsqlZoneMatcherImpl,COMPLEX,4198401,64.0,0.25,0.25,48,100,2497,24.971
HsqlZoneMatcherImpl,COMPLEX,4198401,64.0,0.25,0.125,12,100,1499,14.997
HsqlZoneMatcherImpl,COMPLEX,4198401,64.0,0.25,0.0625,3,100,1338,13.385
HsqlZoneMatcherImpl,COMPLEX,4198401,64.0,0.25,0.03125,1,100,1280,12.802
HsqlZoneMatcherImpl,COMPLEX,4198401,64.0,0.25,0.015625,1,100,1410,14.101
HsqlZoneMatcherImpl,COMPLEX,4198401,64.0,0.25,0.0078125,1,100,1491,14.915
HsqlZoneMatcherImpl,COMPLEX,4198401,64.0,0.125,0.5,199,100,3939,39.394
HsqlZoneMatcherImpl,COMPLEX,4198401,64.0,0.125,0.25,47,100,2166,21.664
HsqlZoneMatcherImpl,COMPLEX,4198401,64.0,0.125,0.125,12,100,1068,10.687
HsqlZoneMatcherImpl,COMPLEX,4198401,64.0,0.125,0.0625,2,100,637,6.376
HsqlZoneMatcherImpl,COMPLEX,4198401,64.0,0.125,0.03125,1,100,669,6.694
HsqlZoneMatcherImpl,COMPLEX,4198401,64.0,0.125,0.015625,1,100,703,7.038
HsqlZoneMatcherImpl,COMPLEX,4198401,64.0,0.125,0.0078125,1,100,694,6.942
HsqlZoneMatcherImpl,COMPLEX,4198401,64.0,0.0625,0.5,204,100,4429,44.296
HsqlZoneMatcherImpl,COMPLEX,4198401,64.0,0.0625,0.25,51,100,1880,18.803
HsqlZoneMatcherImpl,COMPLEX,4198401,64.0,0.0625,0.125,10,100,848,8.484
HsqlZoneMatcherImpl,COMPLEX,4198401,64.0,0.0625,0.0625,3,100,458,4.582
HsqlZoneMatcherImpl,COMPLEX,4198401,64.0,0.0625,0.03125,1,100,318,3.184
HsqlZoneMatcherImpl,COMPLEX,4198401,64.0,0.0625,0.015625,1,100,342,3.421
HsqlZoneMatcherImpl,COMPLEX,4198401,64.0,0.0625,0.0078125,1,100,329,3.293
HsqlZoneMatcherImpl,COMPLEX,4198401,64.0,0.03125,0.5,202,100,3964,39.642
HsqlZoneMatcherImpl,COMPLEX,4198401,64.0,0.03125,0.25,48,100,1612,16.120
HsqlZoneMatcherImpl,COMPLEX,4198401,64.0,0.03125,0.125,9,100,2222,22.230
HsqlZoneMatcherImpl,COMPLEX,4198401,64.0,0.03125,0.0625,2,100,386,3.869
HsqlZoneMatcherImpl,COMPLEX,4198401,64.0,0.03125,0.03125,1,100,224,2.242
HsqlZoneMatcherImpl,COMPLEX,4198401,64.0,0.03125,0.015625,1,100,142,1.427
HsqlZoneMatcherImpl,COMPLEX,4198401,64.0,0.03125,0.0078125,1,100,156,1.561
HsqlZoneMatcherImpl,COMPLEX,4198401,64.0,0.015625,0.5,200,100,4220,42.203
HsqlZoneMatcherImpl,COMPLEX,4198401,64.0,0.015625,0.25,49,100,1596,15.965
HsqlZoneMatcherImpl,COMPLEX,4198401,64.0,0.015625,0.125,13,100,702,7.025
HsqlZoneMatcherImpl,COMPLEX,4198401,64.0,0.015625,0.0625,4,100,396,3.962
HsqlZoneMatcherImpl,COMPLEX,4198401,64.0,0.015625,0.03125,1,100,151,1.510
HsqlZoneMatcherImpl,COMPLEX,4198401,64.0,0.015625,0.015625,1,100,131,1.315
HsqlZoneMatcherImpl,COMPLEX,4198401,64.0,0.015625,0.0078125,1,100,114,1.146
HsqlZoneMatcherImpl,COMPLEX,4198401,64.0,0.0078125,0.5,205,100,3275,32.750
HsqlZoneMatcherImpl,COMPLEX,4198401,64.0,0.0078125,0.25,47,100,1374,13.747
HsqlZoneMatcherImpl,COMPLEX,4198401,64.0,0.0078125,0.125,9,100,616,6.170
HsqlZoneMatcherImpl,COMPLEX,4198401,64.0,0.0078125,0.0625,2,100,319,3.200
HsqlZoneMatcherImpl,COMPLEX,4198401,64.0,0.0078125,0.03125,1,100,120,1.206
HsqlZoneMatcherImpl,COMPLEX,4198401,64.0,0.0078125,0.015625,1,100,98,0.989
HsqlZoneMatcherImpl,COMPLEX,4198401,64.0,0.0078125,0.0078125,1,100,66,0.665
HsqlZoneMatcherImpl,COMPLEX,4198401,32.0,0.5,0.5,804,100,11530,115.301
HsqlZoneMatcherImpl,COMPLEX,4198401,32.0,0.5,0.25,200,100,6864,68.642
HsqlZoneMatcherImpl,COMPLEX,4198401,32.0,0.5,0.125,51,100,7066,70.662
HsqlZoneMatcherImpl,COMPLEX,4198401,32.0,0.5,0.0625,12,100,7125,71.255
HsqlZoneMatcherImpl,COMPLEX,4198401,32.0,0.5,0.03125,4,100,7176,71.763
HsqlZoneMatcherImpl,COMPLEX,4198401,32.0,0.5,0.015625,1,100,7080,70.809
HsqlZoneMatcherImpl,COMPLEX,4198401,32.0,0.5,0.0078125,1,100,7153,71.536
HsqlZoneMatcherImpl,COMPLEX,4198401,32.0,0.25,0.5,812,100,9918,99.184
HsqlZoneMatcherImpl,COMPLEX,4198401,32.0,0.25,0.25,201,100,4768,47.688
HsqlZoneMatcherImpl,COMPLEX,4198401,32.0,0.25,0.125,48,100,3155,31.555
HsqlZoneMatcherImpl,COMPLEX,4198401,32.0,0.25,0.0625,10,100,3314,33.147
HsqlZoneMatcherImpl,COMPLEX,4198401,32.0,0.25,0.03125,2,100,3304,33.049
HsqlZoneMatcherImpl,COMPLEX,4198401,32.0,0.25,0.015625,1,100,3340,33.408
HsqlZoneMatcherImpl,COMPLEX,4198401,32.0,0.25,0.0078125,1,100,3339,33.399
HsqlZoneMatcherImpl,COMPLEX,4198401,32.0,0.125,0.5,804,100,9303,93.037
HsqlZoneMatcherImpl,COMPLEX,4198401,32.0,0.125,0.25,203,100,5137,51.378
HsqlZoneMatcherImpl,COMPLEX,4198401,32.0,0.125,0.125,49,100,2691,26.910
HsqlZoneMatcherImpl,COMPLEX,4198401,32.0,0.125,0.0625,10,100,1513,15.136
HsqlZoneMatcherImpl,COMPLEX,4198401,32.0,0.125,0.03125,4,100,1507,15.078
HsqlZoneMatcherImpl,COMPLEX,4198401,32.0,0.125,0.015625,1,100,1504,15.040
HsqlZoneMatcherImpl,COMPLEX,4198401,32.0,0.125,0.0078125,1,100,1438,14.385
HsqlZoneMatcherImpl,COMPLEX,4198401,32.0,0.0625,0.5,797,100,9233,92.338
HsqlZoneMatcherImpl,COMPLEX,4198401,32.0,0.0625,0.25,198,100,4559,45.594
HsqlZoneMatcherImpl,COMPLEX,4198401,32.0,0.0625,0.125,51,100,2189,21.891
HsqlZoneMatcherImpl,COMPLEX,4198401,32.0,0.0625,0.0625,11,100,1073,10.731
HsqlZoneMatcherImpl,COMPLEX,4198401,32.0,0.0625,0.03125,3,100,656,6.564
HsqlZoneMatcherImpl,COMPLEX,4198401,32.0,0.0625,0.015625,1,100,633,6.335
HsqlZoneMatcherImpl,COMPLEX,4198401,32.0,0.0625,0.0078125,1,100,697,6.978
HsqlZoneMatcherImpl,COMPLEX,4198401,32.0,0.03125,0.5,798,100,10097,100.978
HsqlZoneMatcherImpl,COMPLEX,4198401,32.0,0.03125,0.25,204,100,3456,34.568
HsqlZoneMatcherImpl,COMPLEX,4198401,32.0,0.03125,0.125,48,100,1631,16.310
HsqlZoneMatcherImpl,COMPLEX,4198401,32.0,0.03125,0.0625,11,100,839,8.400
HsqlZoneMatcherImpl,COMPLEX,4198401,32.0,0.03125,0.03125,4,100,502,5.028
HsqlZoneMatcherImpl,COMPLEX,4198401,32.0,0.03125,0.015625,1,100,339,3.397
HsqlZoneMatcherImpl,COMPLEX,4198401,32.0,0.03125,0.0078125,1,100,339,3.396
HsqlZoneMatcherImpl,COMPLEX,4198401,32.0,0.015625,0.5,804,100,8994,89.948
HsqlZoneMatcherImpl,COMPLEX,4198401,32.0,0.015625,0.25,202,100,4250,42.507
HsqlZoneMatcherImpl,COMPLEX,4198401,32.0,0.015625,0.125,48,100,1795,17.957
HsqlZoneMatcherImpl,COMPLEX,4198401,32.0,0.015625,0.0625,11,100,821,8.210
HsqlZoneMatcherImpl,COMPLEX,4198401,32.0,0.015625,0.03125,3,100,448,4.487
HsqlZoneMatcherImpl,COMPLEX,4198401,32.0,0.015625,0.015625,1,100,250,2.502
HsqlZoneMatcherImpl,COMPLEX,4198401,32.0,0.015625,0.0078125,1,100,150,1.501
HsqlZoneMatcherImpl,COMPLEX,4198401,32.0,0.0078125,0.5,801,100,8732,87.329
HsqlZoneMatcherImpl,COMPLEX,4198401,32.0,0.0078125,0.25,200,100,4109,41.093
HsqlZoneMatcherImpl,COMPLEX,4198401,32.0,0.0078125,0.125,47,100,1784,17.848
HsqlZoneMatcherImpl,COMPLEX,4198401,32.0,0.0078125,0.0625,14,100,779,7.794
HsqlZoneMatcherImpl,COMPLEX,4198401,32.0,0.0078125,0.03125,3,100,408,4.080
HsqlZoneMatcherImpl,COMPLEX,4198401,32.0,0.0078125,0.015625,1,100,135,1.359
HsqlZoneMatcherImpl,COMPLEX,4198401,32.0,0.0078125,0.0078125,1,100,118,1.190
CQZoneMatcherImpl,SEPARATE_SIMPLE,4198401,128.0,0.5,0.5,53,100,556,5.565
CQZoneMatcherImpl,SEPARATE_SIMPLE,4198401,128.0,0.5,0.25,11,100,232,2.321
CQZoneMatcherImpl,SEPARATE_SIMPLE,4198401,128.0,0.5,0.125,2,100,111,1.114
CQZoneMatcherImpl,SEPARATE_SIMPLE,4198401,128.0,0.5,0.0625,1,100,52,0.525
CQZoneMatcherImpl,SEPARATE_SIMPLE,4198401,128.0,0.5,0.03125,1,100,42,0.421
CQZoneMatcherImpl,SEPARATE_SIMPLE,4198401,128.0,0.5,0.015625,1,100,19,0.192
CQZoneMatcherImpl,SEPARATE_SIMPLE,4198401,128.0,0.5,0.0078125,1,100,11,0.113
CQZoneMatcherImpl,SEPARATE_SIMPLE,4198401,128.0,0.25,0.5,51,100,216,2.165
CQZoneMatcherImpl,SEPARATE_SIMPLE,4198401,128.0,0.25,0.25,11,100,91,0.915
CQZoneMatcherImpl,SEPARATE_SIMPLE,4198401,128.0,0.25,0.125,3,100,46,0.467
CQZoneMatcherImpl,SEPARATE_SIMPLE,4198401,128.0,0.25,0.0625,1,100,23,0.236
CQZoneMatcherImpl,SEPARATE_SIMPLE,4198401,128.0,0.25,0.03125,1,100,19,0.197
CQZoneMatcherImpl,SEPARATE_SIMPLE,4198401,128.0,0.25,0.015625,1,100,11,0.114
CQZoneMatcherImpl,SEPARATE_SIMPLE,4198401,128.0,0.25,0.0078125,1,100,7,0.079
CQZoneMatcherImpl,SEPARATE_SIMPLE,4198401,128.0,0.125,0.5,49,100,275,2.751
CQZoneMatcherImpl,SEPARATE_SIMPLE,4198401,128.0,0.125,0.25,11,100,129,1.293
CQZoneMatcherImpl,SEPARATE_SIMPLE,4198401,128.0,0.125,0.125,2,100,63,0.637
CQZoneMatcherImpl,SEPARATE_SIMPLE,4198401,128.0,0.125,0.0625,1,100,34,0.348
CQZoneMatcherImpl,SEPARATE_SIMPLE,4198401,128.0,0.125,0.03125,1,100,30,0.307
CQZoneMatcherImpl,SEPARATE_SIMPLE,4198401,128.0,0.125,0.015625,1,100,19,0.193
CQZoneMatcherImpl,SEPARATE_SIMPLE,4198401,128.0,0.125,0.0078125,1,100,14,0.145
CQZoneMatcherImpl,SEPARATE_SIMPLE,4198401,128.0,0.0625,0.5,49,100,194,1.941
CQZoneMatcherImpl,SEPARATE_SIMPLE,4198401,128.0,0.0625,0.25,11,100,94,0.945
CQZoneMatcherImpl,SEPARATE_SIMPLE,4198401,128.0,0.0625,0.125,5,100,59,0.598
CQZoneMatcherImpl,SEPARATE_SIMPLE,4198401,128.0,0.0625,0.0625,1,100,42,0.424
CQZoneMatcherImpl,SEPARATE_SIMPLE,4198401,128.0,0.0625,0.03125,1,100,44,0.443
CQZoneMatcherImpl,SEPARATE_SIMPLE,4198401,128.0,0.0625,0.015625,1,100,30,0.302
CQZoneMatcherImpl,SEPARATE_SIMPLE,4198401,128.0,0.0625,0.0078125,1,100,26,0.265
CQZoneMatcherImpl,SEPARATE_SIMPLE,4198401,128.0,0.03125,0.5,49,100,247,2.479
CQZoneMatcherImpl,SEPARATE_SIMPLE,4198401,128.0,0.03125,0.25,10,100,129,1.300
CQZoneMatcherImpl,SEPARATE_SIMPLE,4198401,128.0,0.03125,0.125,3,100,88,0.883
CQZoneMatcherImpl,SEPARATE_SIMPLE,4198401,128.0,0.03125,0.0625,1,100,66,0.669
CQZoneMatcherImpl,SEPARATE_SIMPLE,4198401,128.0,0.03125,0.03125,1,100,63,0.638
CQZoneMatcherImpl,SEPARATE_SIMPLE,4198401,128.0,0.03125,0.015625,1,100,57,0.578
CQZoneMatcherImpl,SEPARATE_SIMPLE,4198401,128.0,0.03125,0.0078125,1,100,53,0.537
CQZoneMatcherImpl,SEPARATE_SIMPLE,4198401,128.0,0.015625,0.5,48,100,353,3.537
CQZoneMatcherImpl,SEPARATE_SIMPLE,4198401,128.0,0.015625,0.25,11,100,207,2.073
CQZoneMatcherImpl,SEPARATE_SIMPLE,4198401,128.0,0.015625,0.125,3,100,149,1.490
CQZoneMatcherImpl,SEPARATE_SIMPLE,4198401,128.0,0.015625,0.0625,1,100,123,1.230
CQZoneMatcherImpl,SEPARATE_SIMPLE,4198401,128.0,0.015625,0.03125,1,100,118,1.188
CQZoneMatcherImpl,SEPARATE_SIMPLE,4198401,128.0,0.015625,0.015625,1,100,110,1.106
CQZoneMatcherImpl,SEPARATE_SIMPLE,4198401,128.0,0.015625,0.0078125,1,100,106,1.062
CQZoneMatcherImpl,SEPARATE_SIMPLE,4198401,128.0,0.0078125,0.5,51,100,483,4.835
CQZoneMatcherImpl,SEPARATE_SIMPLE,4198401,128.0,0.0078125,0.25,10,100,292,2.922
CQZoneMatcherImpl,SEPARATE_SIMPLE,4198401,128.0,0.0078125,0.125,2,100,229,2.294
CQZoneMatcherImpl,SEPARATE_SIMPLE,4198401,128.0,0.0078125,0.0625,1,100,198,1.985
CQZoneMatcherImpl,SEPARATE_SIMPLE,4198401,128.0,0.0078125,0.03125,1,100,213,2.131
CQZoneMatcherImpl,SEPARATE_SIMPLE,4198401,128.0,0.0078125,0.015625,1,100,186,1.864
CQZoneMatcherImpl,SEPARATE_SIMPLE,4198401,128.0,0.0078125,0.0078125,1,100,182,1.826
CQZoneMatcherImpl,SEPARATE_SIMPLE,4198401,64.0,0.5,0.5,201,100,992,9.923
CQZoneMatcherImpl,SEPARATE_SIMPLE,4198401,64.0,0.5,0.25,50,100,346,3.461
CQZoneMatcherImpl,SEPARATE_SIMPLE,4198401,64.0,0.5,0.125,11,100,167,1.670
CQZoneMatcherImpl,SEPARATE_SIMPLE,4198401,64.0,0.5,0.0625,3,100,79,0.795
CQZoneMatcherImpl,SEPARATE_SIMPLE,4198401,64.0,0.5,0.03125,1,100,33,0.340
CQZoneMatcherImpl,SEPARATE_SIMPLE,4198401,64.0,0.5,0.015625,1,100,43,0.434
CQZoneMatcherImpl,SEPARATE_SIMPLE,4198401,64.0,0.5,0.0078125,1,100,8,0.086
CQZoneMatcherImpl,SEPARATE_SIMPLE,4198401,64.0,0.25,0.5,199,100,377,3.775
CQZoneMatcherImpl,SEPARATE_SIMPLE,4198401,64.0,0.25,0.25,48,100,139,1.397
CQZoneMatcherImpl,SEPARATE_SIMPLE,4198401,64.0,0.25,0.125,12,100,66,0.669
CQZoneMatcherImpl,SEPARATE_SIMPLE,4198401,64.0,0.25,0.0625,4,100,34,0.344
CQZoneMatcherImpl,SEPARATE_SIMPLE,4198401,64.0,0.25,0.03125,1,100,14,0.149
CQZoneMatcherImpl,SEPARATE_SIMPLE,4198401,64.0,0.25,0.015625,1,100,11,0.116
CQZoneMatcherImpl,SEPARATE_SIMPLE,4198401,64.0,0.25,0.0078125,1,100,6,0.061
CQZoneMatcherImpl,SEPARATE_SIMPLE,4198401,64.0,0.125,0.5,198,100,1216,12.169
CQZoneMatcherImpl,SEPARATE_SIMPLE,4198401,64.0,0.125,0.25,50,100,437,4.376
CQZoneMatcherImpl,SEPARATE_SIMPLE,4198401,64.0,0.125,0.125,10,100,216,2.170
CQZoneMatcherImpl,SEPARATE_SIMPLE,4198401,64.0,0.125,0.0625,3,100,101,1.018
CQZoneMatcherImpl,SEPARATE_SIMPLE,4198401,64.0,0.125,0.03125,1,100,45,0.452
CQZoneMatcherImpl,SEPARATE_SIMPLE,4198401,64.0,0.125,0.015625,1,100,34,0.348
CQZoneMatcherImpl,SEPARATE_SIMPLE,4198401,64.0,0.125,0.0078125,1,100,15,0.150
CQZoneMatcherImpl,SEPARATE_SIMPLE,4198401,64.0,0.0625,0.5,203,100,943,9.434
CQZoneMatcherImpl,SEPARATE_SIMPLE,4198401,64.0,0.0625,0.25,50,100,337,3.375
CQZoneMatcherImpl,SEPARATE_SIMPLE,4198401,64.0,0.0625,0.125,10,100,171,1.711
CQZoneMatcherImpl,SEPARATE_SIMPLE,4198401,64.0,0.0625,0.0625,2,100,91,0.914
CQZoneMatcherImpl,SEPARATE_SIMPLE,4198401,64.0,0.0625,0.03125,1,100,41,0.415
CQZoneMatcherImpl,SEPARATE_SIMPLE,4198401,64.0,0.0625,0.015625,1,100,37,0.375
CQZoneMatcherImpl,SEPARATE_SIMPLE,4198401,64.0,0.0625,0.0078125,1,100,20,0.209
CQZoneMatcherImpl,SEPARATE_SIMPLE,4198401,64.0,0.03125,0.5,199,100,466,4.669
CQZoneMatcherImpl,SEPARATE_SIMPLE,4198401,64.0,0.03125,0.25,51,100,169,1.696
CQZoneMatcherImpl,SEPARATE_SIMPLE,4198401,64.0,0.03125,0.125,11,100,93,0.931
CQZoneMatcherImpl,SEPARATE_SIMPLE,4198401,64.0,0.03125,0.0625,4,100,58,0.589
CQZoneMatcherImpl,SEPARATE_SIMPLE,4198401,64.0,0.03125,0.03125,1,100,39,0.394
CQZoneMatcherImpl,SEPARATE_SIMPLE,4198401,64.0,0.03125,0.015625,1,100,36,0.363
CQZoneMatcherImpl,SEPARATE_SIMPLE,4198401,64.0,0.03125,0.0078125,1,100,29,0.293
CQZoneMatcherImpl,SEPARATE_SIMPLE,4198401,64.0,0.015625,0.5,202,100,565,5.651
CQZoneMatcherImpl,SEPARATE_SIMPLE,4198401,64.0,0.015625,0.25,47,100,204,2.043
CQZoneMatcherImpl,SEPARATE_SIMPLE,4198401,64.0,0.015625,0.125,14,100,122,1.225
CQZoneMatcherImpl,SEPARATE_SIMPLE,4198401,64.0,0.015625,0.0625,3,100,84,0.846
CQZoneMatcherImpl,SEPARATE_SIMPLE,4198401,64.0,0.015625,0.03125,1,100,64,0.645
CQZoneMatcherImpl,SEPARATE_SIMPLE,4198401,64.0,0.015625,0.015625,1,100,61,0.616
CQZoneMatcherImpl,SEPARATE_SIMPLE,4198401,64.0,0.015625,0.0078125,1,100,55,0.555
CQZoneMatcherImpl,SEPARATE_SIMPLE,4198401,64.0,0.0078125,0.5,205,100,750,7.505
CQZoneMatcherImpl,SEPARATE_SIMPLE,4198401,64.0,0.0078125,0.25,52,100,291,2.915
CQZoneMatcherImpl,SEPARATE_SIMPLE,4198401,64.0,0.0078125,0.125,11,100,182,1.827
CQZoneMatcherImpl,SEPARATE_SIMPLE,4198401,64.0,0.0078125,0.0625,2,100,139,1.390
CQZoneMatcherImpl,SEPARATE_SIMPLE,4198401,64.0,0.0078125,0.03125,1,100,114,1.142
CQZoneMatcherImpl,SEPARATE_SIMPLE,4198401,64.0,0.0078125,0.015625,1,100,110,1.106
CQZoneMatcherImpl,SEPARATE_SIMPLE,4198401,64.0,0.0078125,0.0078125,1,100,102,1.030
CQZoneMatcherImpl,SEPARATE_SIMPLE,4198401,32.0,0.5,0.5,803,100,3518,35.189
CQZoneMatcherImpl,SEPARATE_SIMPLE,4198401,32.0,0.5,0.25,202,100,983,9.836
CQZoneMatcherImpl,SEPARATE_SIMPLE,4198401,32.0,0.5,0.125,49,100,345,3.460
CQZoneMatcherImpl,SEPARATE_SIMPLE,4198401,32.0,0.5,0.0625,12,100,170,1.701
CQZoneMatcherImpl,SEPARATE_SIMPLE,4198401,32.0,0.5,0.03125,3,100,79,0.799
CQZoneMatcherImpl,SEPARATE_SIMPLE,4198401,32.0,0.5,0.015625,1,100,33,0.332
CQZoneMatcherImpl,SEPARATE_SIMPLE,4198401,32.0,0.5,0.0078125,1,100,24,0.245
CQZoneMatcherImpl,SEPARATE_SIMPLE,4198401,32.0,0.25,0.5,806,100,3301,33.012
CQZoneMatcherImpl,SEPARATE_SIMPLE,4198401,32.0,0.25,0.25,201,100,952,9.527
CQZoneMatcherImpl,SEPARATE_SIMPLE,4198401,32.0,0.25,0.125,47,100,359,3.599
CQZoneMatcherImpl,SEPARATE_SIMPLE,4198401,32.0,0.25,0.0625,10,100,178,1.790
CQZoneMatcherImpl,SEPARATE_SIMPLE,4198401,32.0,0.25,0.03125,3,100,84,0.843
CQZoneMatcherImpl,SEPARATE_SIMPLE,4198401,32.0,0.25,0.015625,1,100,34,0.349
CQZoneMatcherImpl,SEPARATE_SIMPLE,4198401,32.0,0.25,0.0078125,1,100,25,0.259
CQZoneMatcherImpl,SEPARATE_SIMPLE,4198401,32.0,0.125,0.5,811,100,2696,26.960
CQZoneMatcherImpl,SEPARATE_SIMPLE,4198401,32.0,0.125,0.25,202,100,726,7.265
CQZoneMatcherImpl,SEPARATE_SIMPLE,4198401,32.0,0.125,0.125,52,100,257,2.575
CQZoneMatcherImpl,SEPARATE_SIMPLE,4198401,32.0,0.125,0.0625,11,100,128,1.289
CQZoneMatcherImpl,SEPARATE_SIMPLE,4198401,32.0,0.125,0.03125,3,100,61,0.610
CQZoneMatcherImpl,SEPARATE_SIMPLE,4198401,32.0,0.125,0.015625,1,100,23,0.235
CQZoneMatcherImpl,SEPARATE_SIMPLE,4198401,32.0,0.125,0.0078125,1,100,18,0.189
CQZoneMatcherImpl,SEPARATE_SIMPLE,4198401,32.0,0.0625,0.5,806,100,4043,40.439
CQZoneMatcherImpl,SEPARATE_SIMPLE,4198401,32.0,0.0625,0.25,203,100,1213,12.139
CQZoneMatcherImpl,SEPARATE_SIMPLE,4198401,32.0,0.0625,0.125,49,100,434,4.341
CQZoneMatcherImpl,SEPARATE_SIMPLE,4198401,32.0,0.0625,0.0625,9,100,211,2.117
CQZoneMatcherImpl,SEPARATE_SIMPLE,4198401,32.0,0.0625,0.03125,3,100,102,1.024
CQZoneMatcherImpl,SEPARATE_SIMPLE,4198401,32.0,0.0625,0.015625,1,100,45,0.455
CQZoneMatcherImpl,SEPARATE_SIMPLE,4198401,32.0,0.0625,0.0078125,1,100,35,0.358
CQZoneMatcherImpl,SEPARATE_SIMPLE,4198401,32.0,0.03125,0.5,805,100,1405,14.054
CQZoneMatcherImpl,SEPARATE_SIMPLE,4198401,32.0,0.03125,0.25,208,100,413,4.134
CQZoneMatcherImpl,SEPARATE_SIMPLE,4198401,32.0,0.03125,0.125,50,100,146,1.461
CQZoneMatcherImpl,SEPARATE_SIMPLE,4198401,32.0,0.03125,0.0625,11,100,77,0.774
CQZoneMatcherImpl,SEPARATE_SIMPLE,4198401,32.0,0.03125,0.03125,2,100,43,0.434
CQZoneMatcherImpl,SEPARATE_SIMPLE,4198401,32.0,0.03125,0.015625,1,100,25,0.258
CQZoneMatcherImpl,SEPARATE_SIMPLE,4198401,32.0,0.03125,0.0078125,1,100,22,0.222
CQZoneMatcherImpl,SEPARATE_SIMPLE,4198401,32.0,0.015625,0.5,805,100,1836,18.365
CQZoneMatcherImpl,SEPARATE_SIMPLE,4198401,32.0,0.015625,0.25,203,100,540,5.404
CQZoneMatcherImpl,SEPARATE_SIMPLE,4198401,32.0,0.015625,0.125,47,100,192,1.927
CQZoneMatcherImpl,SEPARATE_SIMPLE,4198401,32.0,0.015625,0.0625,12,100,105,1.051
CQZoneMatcherImpl,SEPARATE_SIMPLE,4198401,32.0,0.015625,0.03125,4,100,64,0.645
CQZoneMatcherImpl,SEPARATE_SIMPLE,4198401,32.0,0.015625,0.015625,1,100,42,0.427
CQZoneMatcherImpl,SEPARATE_SIMPLE,4198401,32.0,0.015625,0.0078125,1,100,39,0.393
CQZoneMatcherImpl,SEPARATE_SIMPLE,4198401,32.0,0.0078125,0.5,807,100,2006,20.065
CQZoneMatcherImpl,SEPARATE_SIMPLE,4198401,32.0,0.0078125,0.25,202,100,641,6.414
CQZoneMatcherImpl,SEPARATE_SIMPLE,4198401,32.0,0.0078125,0.125,49,100,244,2.443
CQZoneMatcherImpl,SEPARATE_SIMPLE,4198401,32.0,0.0078125,0.0625,12,100,141,1.414
CQZoneMatcherImpl,SEPARATE_SIMPLE,4198401,32.0,0.0078125,0.03125,2,100,92,0.926
CQZoneMatcherImpl,SEPARATE_SIMPLE,4198401,32.0,0.0078125,0.015625,1,100,68,0.680
CQZoneMatcherImpl,SEPARATE_SIMPLE,4198401,32.0,0.0078125,0.0078125,1,100,64,0.641
